{
	"info": {
		"_postman_id": "b702cb92-779c-4cec-aec5-0d8a67d515f6",
		"name": "Exam",
		"schema": "https://schema.getpostman.com/json/collection/v2.1.0/collection.json",
		"_exporter_id": "26054169"
	},
	"item": [
		{
			"name": "Get Students",
			"event": [
				{
					"listen": "test",
					"script": {
						"exec": [
							"var jsonData=pm.response.json();\r",
							"\r",
							"\r",
							"pm.test(\"Check status code is 200\", function () {\r",
							"    pm.response.to.have.status(200);\r",
							"});\r",
							"\r",
							"pm.test(\"Check the length of the response\", function () {\r",
							"    console.log(\"Length of the response is: \"+jsonData.length)\r",
							"});\r",
							""
						],
						"type": "text/javascript"
					}
				}
			],
			"request": {
				"method": "GET",
				"header": [],
				"url": {
					"raw": "{{baseUrl}}/api/studentsDetails",
					"host": [
						"{{baseUrl}}"
					],
					"path": [
						"api",
						"studentsDetails"
					]
				}
			},
			"response": []
		},
		{
			"name": "Create Student",
			"event": [
				{
					"listen": "test",
					"script": {
						"exec": [
							"var jsonData=pm.response.json();\r",
							"\r",
							"postman.setEnvironmentVariable(\"id\", jsonData.id);\r",
							"\r",
							"if (pm.response.code === 201) {\r",
							"    pm.test(\"Check Status code is 201\", function () {\r",
							"        pm.expect(pm.response.code).to.equal(201);\r",
							"    });\r",
							"} else {\r",
							"    pm.test(\"Something went wrong!!\");\r",
							"}"
						],
						"type": "text/javascript"
					}
				}
			],
			"request": {
				"method": "POST",
				"header": [],
				"body": {
					"mode": "raw",
					"raw": "{ \"first_name\": \"Md.\", \r\n  \"middle_name\": \"Joy\", \r\n  \"last_name\": \"Ahmed\", \r\n  \"date_of_birth\": \"10-10-1999\"\r\n}",
					"options": {
						"raw": {
							"language": "json"
						}
					}
				},
				"url": {
					"raw": "{{baseUrl}}/api/studentsDetails",
					"host": [
						"{{baseUrl}}"
					],
					"path": [
						"api",
						"studentsDetails"
					]
				}
			},
			"response": []
		},
		{
			"name": "Get specific student",
			"event": [
				{
					"listen": "test",
					"script": {
						"exec": [
							"    var jsonData=pm.response.json();\r",
							"\r",
							"    var status=jsonData.status\r",
							"\r",
							"if (pm.response.code === 200 && status == \"true\") {\r",
							"    pm.test(\"Status code is 200 OK\");\r",
							"\r",
							"postman.setEnvironmentVariable(\"first_name\", jsonData.data.first_name);\r",
							"\r",
							"postman.setEnvironmentVariable(\"middle_name\", jsonData.data.middle_name);\r",
							"\r",
							"postman.setEnvironmentVariable(\"last_name\", jsonData.data.last_name);\r",
							"\r",
							"postman.setEnvironmentVariable(\"date_of_birth\", jsonData.data.date_of_birth);\r",
							"\r",
							"\r",
							"    pm.test(\"Check student id\", function () {\r",
							"        var id=pm.environment.get(\"id\")\r",
							"     pm.expect(jsonData.data.id).to.eql(parseInt(id))\r",
							"});\r",
							"\r",
							"    pm.test(\"Check student first name\", function () {\r",
							"     pm.expect(jsonData.data.first_name).to.eql(pm.environment.get(\"first_name\"))\r",
							"});\r",
							"\r",
							"    pm.test(\"Check student middle name\", function () {\r",
							"     pm.expect(jsonData.data.middle_name).to.eql(pm.environment.get(\"middle_name\"))\r",
							"});\r",
							"\r",
							"    pm.test(\"Check student last name\", function () {\r",
							"     pm.expect(jsonData.data.last_name).to.eql(pm.environment.get(\"last_name\"))\r",
							"});\r",
							"\r",
							"    pm.test(\"Check student DOB\", function () {\r",
							"     pm.expect(jsonData.data.date_of_birth).to.eql(pm.environment.get(\"date_of_birth\"))\r",
							"});\r",
							"\r",
							"\r",
							"} else {\r",
							"    pm.test(\"Something went wrong!!\");\r",
							"}\r",
							"\r",
							"\r",
							"\r",
							"\r",
							""
						],
						"type": "text/javascript"
					}
				}
			],
			"request": {
				"method": "GET",
				"header": [],
				"url": {
					"raw": "{{baseUrl}}/api/studentsDetails/{{id}}",
					"host": [
						"{{baseUrl}}"
					],
					"path": [
						"api",
						"studentsDetails",
						"{{id}}"
					]
				}
			},
			"response": []
		},
		{
			"name": "Create Technical Skills",
			"event": [
				{
					"listen": "test",
					"script": {
						"exec": [
							"pm.test(\"Check status code is 200\", function () {\r",
							"    pm.response.to.have.status(200);\r",
							"});"
						],
						"type": "text/javascript"
					}
				}
			],
			"request": {
				"method": "POST",
				"header": [],
				"body": {
					"mode": "raw",
					"raw": "{\r\n\"id\": 1,\r\n\"language\": [\r\n\"Bangla\",\r\n\"English\"\r\n],\r\n\"yearexp\": \"2027\",\r\n\"lastused\": \"2015\",\r\n\"st_id\": {{id}}\r\n}",
					"options": {
						"raw": {
							"language": "json"
						}
					}
				},
				"url": {
					"raw": "{{baseUrl}}/api/technicalskills",
					"host": [
						"{{baseUrl}}"
					],
					"path": [
						"api",
						"technicalskills"
					]
				}
			},
			"response": []
		},
		{
			"name": "Create Student Address",
			"event": [
				{
					"listen": "test",
					"script": {
						"exec": [
							"\r",
							"const jsonData = pm.response.json();\r",
							"\r",
							"pm.test(\"Check status code is 200\", function () {\r",
							"    pm.response.to.have.status(200);\r",
							"});\r",
							"\r",
							"if(jsonData.status == \"true\" && jsonData.msg == \"Add  data success\"){\r",
							"\r",
							"    pm.test(\"Status and Message field value is ok\");\r",
							"\r",
							"}\r",
							"else{\r",
							"    pm.test(\"Something went wrong!!\");\r",
							"}\r",
							""
						],
						"type": "text/javascript"
					}
				}
			],
			"request": {
				"method": "POST",
				"header": [],
				"body": {
					"mode": "raw",
					"raw": "{ \"Permanent_Address\": { \r\n    \"House_Number\": \"249\",\r\n    \"City\": \"Dhaka\", \r\n    \"State\": \"Dhaka\", \r\n    \"Country\": \"Bangladesh\",\r\n    \"PhoneNumber\": [\r\n{ \r\n    \"Std_Code\": \"101020\",\r\n    \"Home\": \"home\", \r\n    \"Mobile\": \"01782256190\"\r\n},\r\n{ \r\n    \"Std_Code\": \"101020\",\r\n    \"Home\": \"home\", \r\n    \"Mobile\": \"01782256123\"\r\n}\r\n]\r\n},\r\n\"stId\": {{id}}\r\n}\r\n",
					"options": {
						"raw": {
							"language": "json"
						}
					}
				},
				"url": {
					"raw": "{{baseUrl}}/api/addresses",
					"host": [
						"{{baseUrl}}"
					],
					"path": [
						"api",
						"addresses"
					]
				}
			},
			"response": []
		},
		{
			"name": "Final Student Details",
			"event": [
				{
					"listen": "test",
					"script": {
						"exec": [
							"var jsonData=pm.response.json();\r",
							"\r",
							"status=jsonData.status\r",
							"\r",
							"if (pm.response.code === 200 && status == \"true\"){\r",
							"pm.test(\"Status code is 200 OK\");\r",
							"\r",
							"    pm.test(\"Check student language-1\", function () {\r",
							"     pm.expect(jsonData.data.TechnicalDetails[0].language[0]).to.eql(\"Bangla\")\r",
							"});\r",
							"\r",
							"    pm.test(\"Check student language-2\", function () {\r",
							"     pm.expect(jsonData.data.TechnicalDetails[0].language[1]).to.eql(\"English\")\r",
							"});\r",
							"\r",
							"    pm.test(\"Check student year of experiance\", function () {\r",
							"     pm.expect(jsonData.data.TechnicalDetails[0].yearexp).to.eql(\"2027\")\r",
							"});\r",
							"\r",
							"    pm.test(\"Check student house number\", function () {\r",
							"     pm.expect(jsonData.data.Address[0].Permanent_Address.House_Number).to.eql(\"249\")\r",
							"});\r",
							"\r",
							"    pm.test(\"Check student city\", function () {\r",
							"     pm.expect(jsonData.data.Address[0].Permanent_Address.City).to.eql(\"Dhaka\")\r",
							"});\r",
							"\r",
							"    pm.test(\"Check student State\", function () {\r",
							"     pm.expect(jsonData.data.Address[0].Permanent_Address.State).to.eql(\"Dhaka\")\r",
							"});\r",
							"\r",
							"\r",
							"    pm.test(\"Check student country\", function () {\r",
							"     pm.expect(jsonData.data.Address[0].Permanent_Address.Country).to.eql(\"Bangladesh\")\r",
							"});\r",
							"\r",
							"    pm.test(\"Check student mobile-1\", function () {\r",
							"     pm.expect(jsonData.data.Address[0].Permanent_Address.PhoneNumber[0].Mobile).to.eql(\"01782256190\")\r",
							"});\r",
							"\r",
							"    pm.test(\"Check student mobile-2\", function () {\r",
							"     pm.expect(jsonData.data.Address[0].Permanent_Address.PhoneNumber[1].Mobile).to.eql(\"01782256123\")\r",
							"});\r",
							"\r",
							"    pm.test(\"Check student current address\", function () {\r",
							"     pm.expect(jsonData.data.Address[0].Current_Address).to.eql(null)\r",
							"});\r",
							"\r",
							"}\r",
							"else{\r",
							"        pm.test(\"Something went wrong!!\");\r",
							"}\r",
							"\r",
							""
						],
						"type": "text/javascript"
					}
				}
			],
			"request": {
				"method": "GET",
				"header": [],
				"url": {
					"raw": "{{baseUrl}}/api/FinalStudentDetails/{{id}}",
					"host": [
						"{{baseUrl}}"
					],
					"path": [
						"api",
						"FinalStudentDetails",
						"{{id}}"
					]
				}
			},
			"response": []
		}
	]
}