{
	"id": "aef1b820-cb52-450e-b0e7-025f2d2ece0b",
	"name": "exam-env",
	"values": [
		{
			"key": "baseUrl",
			"value": "https://thetestingworldapi.com/",
			"type": "default",
			"enabled": true
		},
		{
			"key": "id",
			"value": "",
			"type": "any",
			"enabled": true
		},
		{
			"key": "first_name",
			"value": "",
			"type": "any",
			"enabled": true
		},
		{
			"key": "middle_name",
			"value": "",
			"type": "any",
			"enabled": true
		},
		{
			"key": "last_name",
			"value": "",
			"type": "any",
			"enabled": true
		},
		{
			"key": "date_of_birth",
			"value": "",
			"type": "any",
			"enabled": true
		}
	],
	"_postman_variable_scope": "environment",
	"_postman_exported_at": "2023-06-02T01:57:26.315Z",
	"_postman_exported_using": "Postman/10.14.4"
}