{
	"id": "3d52bace-40ce-4223-99cf-569134b00826",
	"name": "QA env",
	"values": [
		{
			"key": "user_id",
			"value": "10063",
			"type": "default",
			"enabled": true
		},
		{
			"key": "token",
			"value": "ead95f8871e3197",
			"type": "default",
			"enabled": true
		},
		{
			"key": "auth_token",
			"value": "YWRtaW46cGFzc3dvcmQxMjM=",
			"type": "default",
			"enabled": true
		},
		{
			"key": "baseUrl",
			"value": "https://restful-booker.herokuapp.com",
			"type": "default",
			"enabled": true
		}
	],
	"_postman_variable_scope": "environment",
	"_postman_exported_at": "2023-06-02T01:57:35.083Z",
	"_postman_exported_using": "Postman/10.14.4"
}