{
	"id": "03035187-72a2-4df9-9482-8146a89d4643",
	"name": "Student-details-env",
	"values": [
		{
			"key": "baseUrl",
			"value": "https://thetestingworldapi.com",
			"type": "default",
			"enabled": true
		},
		{
			"key": "id",
			"value": "7160842",
			"type": "any",
			"enabled": true
		},
		{
			"key": "valid_firstname",
			"value": "Md",
			"type": "default",
			"enabled": true
		},
		{
			"key": "first_name",
			"value": "",
			"type": "any",
			"enabled": false
		},
		{
			"key": "middle_name",
			"value": "",
			"type": "any",
			"enabled": false
		},
		{
			"key": "last_name",
			"value": "",
			"type": "any",
			"enabled": false
		},
		{
			"key": "randompastdate",
			"value": "",
			"type": "any",
			"enabled": true
		},
		{
			"key": "date_of_birth",
			"value": "",
			"type": "any",
			"enabled": true
		},
		{
			"key": "csv_first_name",
			"value": "",
			"type": "any",
			"enabled": true
		}
	],
	"_postman_variable_scope": "environment",
	"_postman_exported_at": "2023-06-02T01:57:42.693Z",
	"_postman_exported_using": "Postman/10.14.4"
}