{
	"info": {
		"_postman_id": "ef66b9ba-3106-4efa-9ceb-5f7d9f96c4e1",
		"name": "Student-details-api-hw",
		"schema": "https://schema.getpostman.com/json/collection/v2.1.0/collection.json",
		"_exporter_id": "26054169"
	},
	"item": [
		{
			"name": "Get Student",
			"event": [
				{
					"listen": "test",
					"script": {
						"exec": [
							"pm.test(\"Status code is 200\", function () {\r",
							"    pm.response.to.have.status(200);\r",
							"});\r",
							"\r",
							"var jsonData=pm.response.json()\r",
							"\r",
							"//check for specific id\r",
							"\r",
							"// pm.test(\"get id\",function(){\r",
							"\r",
							"//    pm.expect(jsonData[0].id).to.eql(7160842)    \r",
							"// })\r",
							"\r",
							"//see all the id\r",
							"\r",
							"// for(i=0;i<jsonData.length;i++){\r",
							"// console.log(\"index: \"+i+\" ID: \"+jsonData[i].id)\r",
							"// }\r",
							"\r",
							"//check id by using for loop\r",
							"\r",
							"// for(i=0;i<jsonData.length;i++){\r",
							"//     if(jsonData[i].id==7160803){\r",
							"//      console.log(\"index: \"+i+\" ID: \"+jsonData[i].id)\r",
							"//      console.log(\"index: \"+i+\" first name: \"+jsonData[i].first_name)\r",
							"    \r",
							"//     }\r",
							"\r",
							"// }"
						],
						"type": "text/javascript"
					}
				}
			],
			"request": {
				"method": "GET",
				"header": [],
				"url": {
					"raw": "{{baseUrl}}/api/studentsDetails",
					"host": [
						"{{baseUrl}}"
					],
					"path": [
						"api",
						"studentsDetails"
					]
				}
			},
			"response": []
		},
		{
			"name": "Get Specific Student",
			"event": [
				{
					"listen": "test",
					"script": {
						"exec": [
							"\r",
							"pm.test(\"Status code is 200\", function () {\r",
							"    pm.response.to.have.status(200);\r",
							"});\r",
							"\r",
							"\r",
							"  var jsonData=pm.response.json()\r",
							"\r",
							"pm.test(\"Check valid ID\", function () {\r",
							"    var id=pm.environment.get(\"id\")\r",
							"  pm.expect(jsonData.data.id).to.eql(parseInt(id));\r",
							" });\r",
							"\r",
							"\r",
							"\r",
							" \r",
							"\r",
							"  pm.test(\"Check valid first name\", function () {\r",
							"  pm.expect(jsonData.data.first_name).to.eql(pm.iterationData.get(\"first_name\"));\r",
							" });\r",
							"\r",
							" pm.test(\"Check valid middle name\", function () {\r",
							"  pm.expect(jsonData.middle_name).to.eql(pm.environment.get(\"middle_name\"));\r",
							" });\r",
							"\r",
							" pm.test(\"Check valid last name\", function () {\r",
							"       pm.expect(jsonData.last_name).to.eql(pm.environment.get(\"last_name\"));\r",
							" });"
						],
						"type": "text/javascript"
					}
				}
			],
			"request": {
				"method": "GET",
				"header": [],
				"url": {
					"raw": "{{baseUrl}}/api/studentsDetails?id={{id}}",
					"host": [
						"{{baseUrl}}"
					],
					"path": [
						"api",
						"studentsDetails"
					],
					"query": [
						{
							"key": "id",
							"value": "{{id}}"
						}
					]
				}
			},
			"response": []
		},
		{
			"name": "Create Student",
			"event": [
				{
					"listen": "prerequest",
					"script": {
						"exec": [
							"\r",
							"    const moment=require('moment')\r",
							"    \r",
							"    // var first_name=pm.variables.replaceIn(\"{{$randomNamePrefix}}\")\r",
							"    // pm.environment.set(\"first_name\", first_name);\r",
							"\r",
							"\r",
							"    // var middle_name=pm.variables.replaceIn(\"{{$randomFirstName}}\")\r",
							"    // pm.environment.set(\"middle_name\", middle_name);\r",
							"\r",
							"    // var last_name=pm.variables.replaceIn(\"{{$randomLastName}}\")\r",
							"    // pm.environment.set(\"last_name\", last_name);\r",
							"\r",
							"pm.environment.set(\"randompastdate\", pm.variables.replaceIn('{{$randomDatePast}}'));\r",
							" let pastdate = pm.environment.get(\"randompastdate\");\r",
							"pastdate = moment(pastdate);\r",
							"pm.environment.set(\"date_of_birth\", pastdate.format(\"DD-MM-YYYY\"));\r",
							"\r",
							"\r",
							"    //date generate\r",
							"    //const moment=require('moment')\r",
							"    //const today=moment()\r",
							"\r",
							"    //see date & time\r",
							"    //console.log(today)\r",
							"    \r",
							"    //Get only date\r",
							"    //console.log(today.format(\"DD/MM/YYYY\"))\r",
							"\r",
							"    //Date 4 days later\r",
							"    //console.log(today.add(4,'day').format(\"DD/MM/YYYY\"))\r",
							"\r",
							"     //Date 4 month later\r",
							"    //console.log(today.add(4,'M').format(\"DD/MM/YYYY\"))\r",
							"\r",
							"     //Date 4 year later\r",
							"     //console.log(today.add(4,'Y').format(\"DD/MM/YYYY\"))\r",
							"\r",
							"\r",
							""
						],
						"type": "text/javascript"
					}
				},
				{
					"listen": "test",
					"script": {
						"exec": [
							"var jsonData = pm.response.json();\r",
							"postman.setEnvironmentVariable(\"id\", jsonData.id);\r",
							"\r",
							"\r",
							"pm.test(\"Status code is 201\", function () {\r",
							"    pm.response.to.have.status(201);\r",
							"});\r",
							"\r",
							"// pm.test(\"Check valid first name\", function () {\r",
							"//   pm.expect(jsonData.first_name).to.eql(pm.environment.get(\"first_name\"));\r",
							"// });\r",
							"\r",
							"// pm.test(\"Check valid middle name\", function () {\r",
							"//   pm.expect(jsonData.middle_name).to.eql(pm.environment.get(\"middle_name\"));\r",
							"// });\r",
							"\r",
							"// pm.test(\"Check valid last name\", function () {\r",
							"//   pm.expect(jsonData.last_name).to.eql(pm.environment.get(\"last_name\"));\r",
							"// });\r",
							"\r",
							"\r",
							"\r",
							"pm.test(\"Check valid date of birth\", function () {\r",
							"  pm.expect(jsonData.date_of_birth).to.eql(pm.environment.get(\"date_of_birth\"));\r",
							"});\r",
							"\r",
							"\r",
							"/*pm.test(\"Check valid date of birth\", function () {\r",
							"  pm.expect(jsonData.date_of_birth).to.match(/^(0[1-9]|[1-2][0-9]|3[0-1])\\/(0[1-9]|1[0-2])\\/\\d{4}$/);\r",
							"});*/\r",
							"\r",
							"\r",
							"//for excel sheet data check\r",
							"//  pm.test(\"Check valid first name\", function () {\r",
							"//   pm.expect(jsonData.first_name).to.eql(pm.environment.get(\"csv_fname\"));\r",
							"//  });\r",
							"\r",
							"\r",
							"\r",
							"//  pm.test(\"Check valid middle name\", function () {\r",
							"//    pm.expect(jsonData.middle_name).to.eql(pm.iterationData.get(\"middle_name\"));\r",
							"//  });\r",
							"\r",
							"//  pm.test(\"Check valid last name\", function () {\r",
							"//   pm.expect(jsonData.last_name).to.eql(pm.iterationData.get(\"last_name\"));\r",
							"//  });\r",
							"\r",
							"\r",
							""
						],
						"type": "text/javascript"
					}
				}
			],
			"request": {
				"method": "POST",
				"header": [],
				"body": {
					"mode": "raw",
					"raw": "{\r\n    \"first_name\": \"{{first_name}}\",\r\n    \"middle_name\": \"{{middle_name}}\",\r\n    \"last_name\": \"{{last_name}}\",\r\n    \"date_of_birth\": \"{{date_of_birth}}\"\r\n}\r\n",
					"options": {
						"raw": {
							"language": "json"
						}
					}
				},
				"url": {
					"raw": "{{baseUrl}}/api/studentsDetails",
					"host": [
						"{{baseUrl}}"
					],
					"path": [
						"api",
						"studentsDetails"
					]
				}
			},
			"response": []
		}
	]
}